FIRST_DIST,FIRST_GaPa,HRRP_Palika_Code,Total_Beneficiary,First_Tranche,First_Tranche_Percent,Second_Tranche,Second_Tranche_Percent,Third_Tranche,Third_Tranche_Percent
ARGHAKHANCHI,Bhumekasthan,51001,148,131,89%,45,30%,34,23%
ARGHAKHANCHI,Chhatradev,51002,199,197,99%,66,33%,49,25%
ARGHAKHANCHI,Malarani,51003,245,191,78%,103,42%,17,7%
ARGHAKHANCHI,Panini,51004,241,220,91%,49,20%,20,8%
ARGHAKHANCHI,Sandhikharka,51005,83,83,100%,39,47%,31,37%
ARGHAKHANCHI,Sitganga,51006,139,131,94%,65,47%,45,32%
BAGLUNG,Badigad,45001,147,110,75%,36,24%,17,12%
BAGLUNG,Baglung,45002,627,542,86%,243,39%,169,27%
BAGLUNG,Bareng,45003,108,106,98%,49,45%,3,3%
BAGLUNG,Dhorpatan,45004,45,42,93%,30,67%,26,58%
BAGLUNG,Galkot,45005,389,359,92%,104,27%,59,15%
BAGLUNG,Jaimuni,45006,654,599,92%,283,43%,104,16%
BAGLUNG,Kanthekhola,45007,283,267,94%,138,49%,68,24%
BAGLUNG,Nisikhola,45008,11,9,82%,5,45%,5,45%
BAGLUNG,Taman Khola,45009,20,20,100%,12,60%,10,50%
BAGLUNG,Tara Khola,45010,102,71,70%,49,48%,16,16%
BHAKTAPUR,Bhaktapur,26001,7622,5617,74%,1547,20%,1384,18%
BHAKTAPUR,Changunarayan,26002,10937,9694,89%,2799,26%,2654,24%
BHAKTAPUR,Madhyapur Thimi,26003,2333,2109,90%,621,27%,585,25%
BHAKTAPUR,Suryabinayak,26004,7416,7019,95%,2310,31%,2182,29%
BHOJPUR,Aamchowk,10001,407,329,81%,206,51%,23,6%
BHOJPUR,Arun,10002,341,341,100%,155,45%,18,5%
BHOJPUR,Bhojpur,10003,1071,949,89%,203,19%,34,3%
BHOJPUR,Hatuwagadhi,10004,265,226,85%,95,36%,36,14%
BHOJPUR,Pauwadungma,10005,340,303,89%,121,36%,79,23%
BHOJPUR,Ramprasad Rai,10006,616,548,89%,285,46%,54,9%
BHOJPUR,Salpasilichho,10007,1281,1281,100%,847,66%,0,0%
BHOJPUR,Shadananda,10008,1057,991,94%,535,51%,0,0%
BHOJPUR,Tyamkemaiyung,10009,531,488,92%,212,40%,1,0%
CHITAWAN,Bharatpur,35001,710,664,94%,211,30%,65,9%
CHITAWAN,Ichchhyakamana,35002,2353,2244,95%,1724,73%,852,36%
CHITAWAN,Kalika,35003,916,639,70%,341,37%,97,11%
CHITAWAN,Khairahani,35004,559,527,94%,237,42%,178,32%
CHITAWAN,Madi,35005,23,36,157%,21,91%,15,65%
CHITAWAN,Rapti,35006,2043,1280,63%,676,33%,283,14%
CHITAWAN,Ratnanagar,35007,731,815,111%,396,54%,342,47%
DHADING,Benighat Rorang,30001,4910,4402,90%,3725,76%,2423,49%
DHADING,Dhunibesi,30002,7158,6622,93%,4551,64%,2984,42%
DHADING,Gajuri,30003,5105,4695,92%,4181,82%,2642,52%
DHADING,Galchi,30004,5997,5657,94%,4978,83%,2300,38%
DHADING,Gangajamuna,30005,6447,6345,98%,5735,89%,4223,66%
DHADING,Jwalamukhi,30006,5390,4910,91%,3838,71%,2723,51%
DHADING,Khaniyabash,30007,3469,3404,98%,3022,87%,1846,53%
DHADING,Netrawati,30008,3866,3704,96%,3337,86%,2714,70%
DHADING,Nilakantha,30009,12183,11601,95%,9871,81%,7296,60%
DHADING,Rubi Valley,30010,2850,2747,96%,2352,83%,1565,55%
DHADING,Siddhalek,30011,5359,5034,94%,4446,83%,3136,59%
DHADING,Thakre,30012,6384,6396,100%,5363,84%,3257,51%
DHADING,Tripura Sundari,30013,5697,5561,98%,5007,88%,3383,59%
DHANKUTA,Chaubise,7001,340,261,77%,120,35%,95,28%
DHANKUTA,Chhathar Jorpati,7002,382,386,101%,254,66%,125,33%
DHANKUTA,Dhankuta,7003,427,368,86%,217,51%,97,23%
DHANKUTA,Khalsa Chhintang Shahidbhumi,7004,176,153,87%,63,36%,35,20%
DHANKUTA,Mahalaxmi,7005,1035,1012,98%,696,67%,165,16%
DHANKUTA,Pakhribas,7006,333,256,77%,126,38%,71,21%
DHANKUTA,Sangurigadhi,7007,103,83,81%,37,36%,14,14%
DOLAKHA,Baiteshwor,22001,8339,7703,92%,6713,81%,6064,73%
DOLAKHA,Bhimeshwor,22002,12503,10900,87%,7856,63%,6138,49%
DOLAKHA,Bigu,22003,6731,6189,92%,5222,78%,4552,68%
DOLAKHA,Gaurishankar,22004,6767,6439,95%,5179,77%,4869,72%
DOLAKHA,Jiri,22005,5836,4906,84%,3708,64%,2847,49%
DOLAKHA,Kalinchok,22006,8914,8388,94%,7396,83%,6836,77%
DOLAKHA,Melung,22007,7607,6534,86%,5673,75%,4723,62%
DOLAKHA,Sailung,22008,8119,6833,84%,5303,65%,4070,50%
DOLAKHA,Tamakoshi,22009,7433,6819,92%,5859,79%,5173,70%
GORKHA,Aarughat,36001,6924,6616,96%,6110,88%,5034,73%
GORKHA,Ajirkot,36002,4125,3951,96%,3745,91%,3258,79%
GORKHA,Bhimsen,36003,6835,6612,97%,6142,90%,4860,71%
GORKHA,Chum Nubri,36004,2275,1853,81%,1549,68%,1216,53%
GORKHA,Dharche,36005,4169,3220,77%,2597,62%,2099,50%
GORKHA,Gandaki,36006,5616,4817,86%,4000,71%,2716,48%
GORKHA,Gorkha,36007,10156,9198,91%,7951,78%,7126,70%
GORKHA,Palungtar,36008,9794,8541,87%,6829,70%,5137,52%
GORKHA,Sahid Lakhan,36009,7061,6087,86%,5277,75%,4390,62%
GORKHA,Siranchok,36010,6833,5828,85%,5370,79%,4462,65%
GORKHA,Sulikot,36011,7200,6827,95%,6548,91%,5954,83%
GULMI,Chandrakot,46001,239,220,92%,48,20%,32,13%
GULMI,Chatrakot,46002,213,208,98%,128,60%,45,21%
GULMI,Dhurkot,46003,492,448,91%,258,52%,30,6%
GULMI,Gulmidarbar,46004,172,172,100%,110,64%,46,27%
GULMI,Isma,46005,111,111,100%,56,50%,4,4%
GULMI,Kaligandaki,46006,1071,1041,97%,682,64%,300,28%
GULMI,Madane,46007,158,122,77%,107,68%,66,42%
GULMI,Malika,46008,77,73,95%,45,58%,22,29%
GULMI,Musikot,46009,754,704,93%,211,28%,110,15%
GULMI,Resunga,46010,181,174,96%,150,83%,38,21%
GULMI,Ruru,46011,423,423,100%,164,39%,117,28%
GULMI,Satyawati,46012,556,556,100%,199,36%,100,18%
KASKI,Annapurna,40001,396,380,96%,140,35%,14,4%
KASKI,Machhapuchchhre,40002,427,407,95%,178,42%,1,0%
KASKI,Madi,40003,1191,1035,87%,353,30%,3,0%
KASKI,Pokhara Lekhnath,40004,2744,2485,91%,753,27%,14,1%
KASKI,Rupa,40005,1269,1214,96%,330,26%,121,10%
KATHMANDU,Budhanilakantha,27001,2693,2060,76%,986,37%,756,28%
KATHMANDU,Chandragiri,27002,5695,5007,88%,1434,25%,1053,18%
KATHMANDU,Dakshinkali,27003,4085,3789,93%,1377,34%,875,21%
KATHMANDU,Gokarneshwor,27004,2935,2524,86%,1332,45%,1059,36%
KATHMANDU,Kageshwori Manahora,27005,3667,3329,91%,1651,45%,967,26%
KATHMANDU,Kathmandu,27006,7496,5974,80%,1378,18%,1095,15%
KATHMANDU,Kirtipur,27007,2935,2476,84%,912,31%,729,25%
KATHMANDU,Nagarjun,27008,4338,4107,95%,1362,31%,1071,25%
KATHMANDU,Shankharapur,27009,6058,5549,92%,2472,41%,1599,26%
KATHMANDU,Tarakeshwor,27010,6151,5200,85%,1792,29%,1462,24%
KATHMANDU,Tokha,27011,1746,1583,91%,636,36%,489,28%
Kavrepalanchok,Banepa,24001,7070,6250,88%,5532,78%,4225,60%
Kavrepalanchok,Bethanchowk,24002,4377,3724,85%,5090,116%,2655,61%
Kavrepalanchok,Bhumlu,24003,6203,5723,92%,9480,153%,6882,111%
Kavrepalanchok,Chaurideurali,24004,6411,5176,81%,7388,115%,3336,52%
Kavrepalanchok,Dhulikhel,24005,5968,4950,83%,4916,82%,3192,53%
Kavrepalanchok,Khanikhola,24006,2842,2726,96%,4339,153%,1094,38%
Kavrepalanchok,Mahabharat,24007,2950,2800,95%,4719,160%,2634,89%
Kavrepalanchok,Mandandeupur,24008,9195,8407,91%,10141,110%,5202,57%
Kavrepalanchok,Namobuddha,24009,7593,6109,80%,6107,80%,3206,42%
Kavrepalanchok,Panauti,24010,9178,8766,96%,7391,81%,4902,53%
Kavrepalanchok,Panchkhal,24011,9937,7906,80%,10876,109%,6297,63%
Kavrepalanchok,Roshi,24012,6262,5425,87%,7583,121%,3543,57%
Kavrepalanchok,Temal,24013,4847,4055,84%,5595,115%,3159,65%
KHOTANG,Ainselukhark,13001,775,804,104%,412,53%,140,18%
KHOTANG,Barahapokhari,13002,475,373,79%,260,55%,43,9%
KHOTANG,Diprung,13003,524,517,99%,384,73%,233,44%
KHOTANG,Halesi Tuwachung,13004,1754,1747,100%,1224,70%,493,28%
KHOTANG,Jantedhunga,13005,464,455,98%,263,57%,66,14%
KHOTANG,Kepilasagadhi,13006,662,660,100%,323,49%,108,16%
KHOTANG,Khotehang,13007,907,788,87%,545,60%,106,12%
KHOTANG,Lamidanda,13008,839,857,102%,366,44%,133,16%
KHOTANG,Rupakot Majhuwagadhi,13009,1511,1521,101%,867,57%,277,18%
KHOTANG,Sakela,13010,532,539,101%,318,60%,178,33%
LALITPUR,Bagmati,25001,3370,3049,90%,2403,71%,1652,49%
LALITPUR,Godawari,25002,9597,7843,82%,2328,24%,1833,19%
LALITPUR,Konjyosom,25003,2154,2042,95%,1700,79%,1256,58%
LALITPUR,Lalitpur,25004,7373,6386,87%,1174,16%,732,10%
LALITPUR,Mahalaxmi,25005,3662,3047,83%,789,22%,660,18%
LALITPUR,Mahankal,25006,2271,2234,98%,1672,74%,942,41%
LAMJUNG,Besishahar,37001,1308,1249,95%,477,36%,306,23%
LAMJUNG,Dordi,37002,2239,2224,99%,410,18%,106,5%
LAMJUNG,Dudhpokhari,37003,2437,2101,86%,1134,47%,51,2%
LAMJUNG,Kwholasothar,37004,316,295,93%,43,14%,17,5%
LAMJUNG,MadhyaNepal,37005,1754,1754,100%,568,32%,179,10%
LAMJUNG,Marsyangdi,37006,922,1030,112%,254,28%,166,18%
LAMJUNG,Rainas,37007,2989,2946,99%,1321,44%,312,10%
LAMJUNG,Sundarbazar,37008,2825,2825,100%,1061,38%,229,8%
MAKAWANPUR,Bagmati,31001,2467,1877,115%,1419,58%,812,33%
MAKAWANPUR,Bakaiya,31002,3990,2797,70%,1583,40%,626,16%
MAKAWANPUR,Bhimphedi,31003,2696,2099,112%,2016,75%,1615,60%
MAKAWANPUR,Hetauda,31004,6324,5696,90%,2564,41%,2468,39%
MAKAWANPUR,Indrasarowar,31005,2921,2631,90%,1754,60%,1093,37%
MAKAWANPUR,Kailash,31006,2609,2005,77%,1441,55%,1213,46%
MAKAWANPUR,Makawanpurgadhi,31007,2209,1667,102%,1289,58%,848,38%
MAKAWANPUR,Manahari,31008,2321,1787,77%,1019,44%,809,35%
MAKAWANPUR,Raksirang,31009,1710,1517,112%,1403,82%,933,55%
MAKAWANPUR,Thaha,31010,6727,6059,90%,4725,70%,2933,44%
MYAGDI,Annapurna,43001,114,109,96%,40,35%,19,17%
MYAGDI,Beni,43002,417,380,91%,146,35%,95,23%
MYAGDI,Dhaulagiri,43003,30,21,70%,16,53%,9,30%
MYAGDI,Malika,43004,35,35,100%,15,43%,7,20%
MYAGDI,Mangala,43005,127,127,100%,74,58%,52,41%
MYAGDI,Raghuganga,43006,145,44,30%,28,19%,16,11%
NAWALPUR,Binayee Tribeni,48002,70,69,99%,56,80%,40,57%
NAWALPUR,Bulingtar,48003,260,260,100%,194,75%,56,22%
NAWALPUR,Bungdikali,48004,72,72,100%,55,76%,38,53%
NAWALPUR,Devchuli,48005,177,178,101%,169,95%,22,12%
NAWALPUR,Gaidakot,48006,49,49,100%,41,84%,1,2%
NAWALPUR,Hupsekot,48007,139,141,101%,113,81%,57,41%
NAWALPUR,Kawasoti,48008,4,4,100%,3,75%,2,50%
NAWALPUR,Madhyabindu,48009,81,88,109%,63,78%,52,64%
NUWAKOT,Belkotgadhi,28001,11037,10255,93%,8617,78%,2200,20%
NUWAKOT,Bidur,28002,12893,11745,91%,10198,79%,6066,47%
NUWAKOT,Dupcheshwar,28003,5873,5641,96%,5228,89%,3609,61%
NUWAKOT,Kakani,28004,6916,6266,91%,5426,78%,3039,44%
NUWAKOT,Kispang,28005,4788,4153,87%,3814,80%,2519,53%
NUWAKOT,Likhu,28006,5109,4688,92%,3674,72%,2319,45%
NUWAKOT,Meghang,28007,4510,4258,94%,3857,86%,3243,72%
NUWAKOT,Panchakanya,28008,4460,4033,90%,3632,81%,2182,49%
NUWAKOT,Shivapuri,28009,6514,6079,93%,5006,77%,3406,52%
NUWAKOT,Suryagadhi,28010,5019,4879,97%,4032,80%,2312,46%
NUWAKOT,Tadi,28011,4590,4424,96%,4012,87%,2694,59%
NUWAKOT,Tarkeshwar,28012,4707,4156,88%,3685,78%,2686,57%
OKHALDHUNGA,Champadevi,12001,3341,3341,100%,2908,87%,2542,76%
OKHALDHUNGA,Chisankhugadhi,12002,1063,1063,100%,855,80%,775,73%
OKHALDHUNGA,Khijidemba,12003,2914,2914,100%,2611,90%,2354,81%
OKHALDHUNGA,Likhu,12004,3258,3258,100%,2950,91%,2620,80%
OKHALDHUNGA,Manebhanjyang,12005,1663,1635,98%,1248,75%,915,55%
OKHALDHUNGA,Molung,12006,2976,2786,94%,2510,84%,2164,73%
OKHALDHUNGA,Siddhicharan,12007,2660,2425,91%,1917,72%,1466,55%
OKHALDHUNGA,Sunkoshi,12008,3268,3218,98%,2899,89%,2479,76%
PALPA,Bagnaskali,47001,571,524,92%,171,30%,127,22%
PALPA,Mathagadhi,47002,604,535,89%,232,38%,63,10%
PALPA,Nisdi,47003,739,639,86%,205,28%,124,17%
PALPA,Purbakhola,47004,258,270,105%,153,59%,108,42%
PALPA,Rainadevi Chhahara,47005,351,318,91%,80,23%,63,18%
PALPA,Rambha,47006,352,352,100%,149,42%,121,34%
PALPA,Rampur,47007,345,299,87%,114,33%,31,9%
PALPA,Ribdikot,47008,691,591,86%,131,19%,96,14%
PALPA,Tansen,47009,520,440,85%,218,42%,119,23%
PALPA,Tinau,47010,326,288,88%,101,31%,76,23%
PARASI,Bardaghat,48001,4,4,100%,3,75%,2,50%
PARASI,Palhi Nandan,48020,4,4,100%,3,75%,3,75%
PARASI,Pratappur,48030,3,3,100%,2,67%,2,67%
PARASI,Ramgram,48012,1,1,100%,1,100%,0,0%
PARASI,Sarawal,48050,4,3,75%,0,0%,0,0%
PARASI,Sunwal,48060,2,2,100%,2,100%,1,50%
PARASI,Susta,48070,3,3,100%,1,33%,1,33%
PARBAT,Bihadi,44001,1139,1107,97%,284,25%,0,0%
PARBAT,Jaljala,44002,187,151,81%,43,23%,0,0%
PARBAT,Kushma,44003,943,838,89%,390,41%,0,0%
PARBAT,Mahashila,44004,386,321,83%,87,23%,9,2%
PARBAT,Modi,44005,503,466,93%,227,45%,16,3%
PARBAT,Painyu,44006,657,734,112%,161,25%,0,0%
PARBAT,Phalebas,44007,1464,1356,93%,474,32%,0,0%
RAMECHHAP,Doramba,21001,5252,4667,89%,3816,73%,2474,47%
RAMECHHAP,Gokulganga,21002,6343,5911,93%,5083,80%,3923,62%
RAMECHHAP,Khadadevi,21003,5212,5102,98%,4627,89%,3731,72%
RAMECHHAP,Likhu,21004,5686,5497,97%,4888,86%,3966,70%
RAMECHHAP,Manthali,21005,11077,10629,96%,9425,85%,7477,68%
RAMECHHAP,Ramechhap,21006,6554,6385,97%,5590,85%,4674,71%
RAMECHHAP,Sunapati,21007,3671,3470,95%,3589,98%,2165,59%
RAMECHHAP,Umakunda,21008,4984,4560,91%,4008,80%,2510,50%
RASUWA,Aama Choodingmo,29004,1964,1802,92%,1560,79%,1273,65%
RASUWA,Gosaikunda,29001,1979,1894,96%,1649,83%,1286,65%
RASUWA,Kalika,29002,2569,2456,96%,2308,90%,2121,83%
RASUWA,Naukunda,29003,3349,3291,98%,3038,91%,2758,82%
RASUWA,Uttargaya,29005,2631,2274,86%,1958,74%,1725,66%
SANKHUWASABHA,Bhotkhola,9001,35,35,100%,15,43%,0,0%
SANKHUWASABHA,Chainpur,9002,160,152,95%,50,31%,36,23%
SANKHUWASABHA,Chichila,9003,62,60,97%,15,24%,0,0%
SANKHUWASABHA,Dharmadevi,9004,141,140,99%,72,51%,46,33%
SANKHUWASABHA,Khandbari,9005,745,766,103%,187,25%,63,8%
SANKHUWASABHA,Madi,9006,232,185,80%,68,29%,33,14%
SANKHUWASABHA,Makalu,9007,188,168,89%,11,6%,0,0%
SANKHUWASABHA,Panchakhapan,9008,157,154,98%,71,45%,4,3%
SANKHUWASABHA,Sabhapokhari,9009,73,85,116%,21,29%,0,0%
SANKHUWASABHA,Silichong,9010,188,164,87%,64,34%,8,4%
SINDHULI,Dudhouli,20001,4651,4646,100%,2732,59%,1191,26%
SINDHULI,Ghanglekh,20002,2962,2874,97%,1446,74%,1180,60%
SINDHULI,Golanjor,20003,2992,2992,100%,2867,96%,2168,72%
SINDHULI,Hariharpurgadhi,20004,2394,2344,98%,2157,90%,516,22%
SINDHULI,Kamalamai,20005,7864,6918,88%,5025,64%,2852,36%
SINDHULI,Marin,20006,3340,3335,100%,2278,68%,1049,31%
SINDHULI,Phikkal,20007,2175,2164,99%,2033,93%,1699,78%
SINDHULI,Sunkoshi,20008,4745,4722,100%,4261,90%,3313,70%
SINDHULI,Tinpatan,20009,4281,4232,99%,4181,98%,2128,50%
SINDHUPALCHOK,Balefi,23001,6043,5958,99%,5599,93%,4836,80%
SINDHUPALCHOK,Barhabise,23002,7811,7700,99%,7046,90%,5000,64%
SINDHUPALCHOK,Bhotekoshi,23003,4214,4033,96%,3262,77%,1458,35%
SINDHUPALCHOK,Chautara SangachokGadhi,23004,13961,13755,99%,12811,92%,11023,79%
SINDHUPALCHOK,Helambu,23005,5348,5148,96%,4392,82%,3420,64%
SINDHUPALCHOK,Indrawati,23006,8301,8055,97%,7328,88%,5432,65%
SINDHUPALCHOK,Jugal,23007,5585,5555,99%,5235,94%,3451,62%
SINDHUPALCHOK,Lisangkhu Pakhar,23008,5213,4913,94%,3932,75%,2559,49%
SINDHUPALCHOK,Melamchi,23009,13325,13106,98%,11403,86%,7440,56%
SINDHUPALCHOK,Panchpokhari Thangpal,23010,7030,6679,95%,5279,75%,2924,42%
SINDHUPALCHOK,Sunkoshi,23011,5616,5553,99%,4947,88%,4050,72%
SINDHUPALCHOK,Tripurasundari,23012,4554,4461,98%,4155,91%,3128,69%
SOLUKHUMBU,Dudhkaushika,11001,2614,2474,95%,1704,65%,613,23%
SOLUKHUMBU,Dudhkoshi,11002,1226,1221,100%,769,63%,36,3%
SOLUKHUMBU,Khumbupasanglahmu,11003,1337,1341,100%,630,47%,43,3%
SOLUKHUMBU,Likhupike,11004,1175,1177,100%,787,67%,99,8%
SOLUKHUMBU,Mahakulung,11005,604,599,99%,140,23%,66,11%
SOLUKHUMBU,Nechasalyan,11006,2006,1938,97%,1108,55%,356,18%
SOLUKHUMBU,Solududhakunda,11007,2181,2016,92%,644,30%,190,9%
SOLUKHUMBU,Sotang,11008,903,1126,125%,388,43%,136,15%
SYANGJA,Aandhikhola,39001,901,901,100%,293,33%,0,0%
SYANGJA,Arjunchaupari,39002,531,514,97%,178,34%,31,6%
SYANGJA,Bhirkot,39003,1041,981,94%,177,17%,22,2%
SYANGJA,Biruwa,39004,638,606,95%,75,12%,0,0%
SYANGJA,Chapakot,39005,804,798,99%,315,39%,0,0%
SYANGJA,Galyang,39006,773,773,100%,227,29%,0,0%
SYANGJA,Harinas,39007,435,390,90%,94,22%,0,0%
SYANGJA,Kaligandagi,39008,493,401,81%,97,20%,0,0%
SYANGJA,Phedikhola,39009,278,271,97%,72,26%,0,0%
SYANGJA,Putalibazar,39010,1471,1685,115%,545,37%,0,0%
SYANGJA,Waling,39011,1671,1629,97%,398,24%,7,0%
TANAHU,Anbukhaireni,38001,837,837,100%,442,53%,271,32%
TANAHU,Bandipur,38002,996,940,94%,591,59%,177,18%
TANAHU,Bhanu,38003,4378,4140,95%,1798,41%,612,14%
TANAHU,Bhimad,38004,1125,965,86%,356,32%,86,8%
TANAHU,Byas,38005,2231,2231,100%,1053,47%,635,28%
TANAHU,Devghat,38006,607,496,82%,286,47%,43,7%
TANAHU,Ghiring,38007,298,257,86%,105,35%,62,21%
TANAHU,Myagde,38008,1336,1212,91%,459,34%,213,16%
TANAHU,Rhishing,38009,545,545,100%,251,46%,101,19%
TANAHU,Shuklagandaki,38010,1907,1907,100%,794,42%,281,15%
